id,label
0,2
1,12
2,16
3,12
4,16
5,32
6,2
7,16
8,12
9,28
10,29
11,19
12,31
13,3
14,14
15,3
16,8
17,19
18,14
19,29
20,14
21,31
22,15
23,6
24,8
25,8
26,3
27,31
28,15
29,3
30,10
31,19
32,12
33,18
34,8
35,21
36,21
37,5
38,17
39,8
40,12
41,5
42,28
43,20
44,27
45,27
46,21
47,20
48,7
49,11
50,5
51,8
52,7
53,28
54,9
55,0
56,24
57,27
58,7
59,9
60,25
61,20
62,9
63,20
64,24
65,7
66,0
67,1
68,28
69,26
70,20
71,21
72,25
73,20
74,8
75,9
76,20
77,26
78,20
79,21
80,9
81,28
82,1
83,24
84,0
85,12
86,31
87,13
88,2
89,16
90,16
91,17
92,2
93,14
94,31
95,12
96,30
97,32
98,31
99,23
100,32
101,14
102,23
103,19
104,2
105,14
106,13
107,30
108,22
109,2
110,2
111,12
112,17
113,30
114,31
115,25
116,23
117,30
118,22
119,22
120,25
121,23
122,30
123,31
124,17
125,26
126,15
127,6
128,18
129,22
130,11
131,12
132,7
133,7
134,6
135,4
136,11
137,12
138,15
139,14
140,23
141,31
142,10
143,4
144,18
145,22
146,4
147,22
148,7
149,26
150,14
151,1
152,15
153,14
154,24
155,24
156,6
157,30
158,11
159,11
160,24
161,24
162,30
163,27
164,25
165,1
166,29
167,15
168,10
169,14
170,4
171,4
172,30
173,24
174,11
175,4
176,4
177,29
178,14
179,27
180,14
181,4
182,4
183,11
184,24
185,14
186,27
187,10
188,29
189,14
190,10
191,30
192,4
193,4
194,30
195,24
196,24
197,11
198,15
199,29
200,1
201,25
202,27
203,14
204,15
205,1
206,11
207,30
208,6
209,24
210,24
211,7
212,22
213,4
214,10
215,26
216,10
217,31
218,23
219,22
220,18
221,4
222,12
223,11
224,6
225,4
226,7
227,14
228,15
229,15
230,26
231,7
232,12
233,11
234,22
235,18
236,6
237,23
238,25
239,22
240,17
241,31
242,30
243,31
244,30
245,17
246,12
247,22
248,30
249,23
250,25
251,2
252,2
253,22
254,14
255,2
256,19
257,23
258,32
259,30
260,13
261,31
262,32
263,30
264,14
265,32
266,23
267,14
268,2
269,17
270,12
271,31
272,13
273,31
274,12
275,16
276,16
277,2
278,21
279,20
280,26
281,20
282,0
283,24
284,1
285,28
286,9
287,28
288,1
289,9
290,8
291,20
292,25
293,21
294,20
295,26
296,20
297,9
298,20
299,0
300,7
301,24
302,7
303,0
304,24
305,0
306,9
307,25
308,9
309,20
310,21
311,27
312,28
313,7
314,8
315,5
316,11
317,7
318,28
319,5
320,27
321,20
322,21
323,12
324,8
325,17
326,5
327,8
328,18
329,12
330,21
331,3
332,15
333,31
334,3
335,8
336,19
337,14
338,14
339,8
340,6
341,15
342,31
343,8
344,3
345,14
346,29
347,14
348,19
349,19
350,29
351,3
352,31
353,12
354,28
355,16
356,32
357,16
358,12
359,2
360,16
361,12
362,2
363,12
364,16
365,32
366,2
367,12
368,16
369,5
370,28
371,19
372,32
373,19
374,29
375,3
376,3
377,3
378,29
379,19
380,10
381,8
382,3
383,15
384,31
385,15
386,31
387,8
388,6
389,16
390,14
391,8
392,12
393,21
394,21
395,12
396,18
397,8
398,11
399,24
400,5
401,7
402,28
403,27
404,20
405,9
406,20
407,27
408,5
409,28
410,24
411,7
412,0
413,5
414,26
415,9
416,9
417,9
418,28
419,27
420,24
421,7
422,28
423,1
424,7
425,27
426,20
427,26
428,21
429,20
430,26
431,21
432,20
433,20
434,8
435,1
436,28
437,12
438,15
439,17
440,2
441,23
442,19
443,2
444,22
445,16
446,16
447,12
448,31
449,13
450,30
451,32
452,23
453,19
454,14
455,16
456,17
457,32
458,23
459,14
460,30
461,32
462,12
463,17
464,30
465,31
466,2
467,14
468,2
469,30
470,31
471,17
472,22
473,25
474,23
475,25
476,30
477,23
478,22
479,17
480,30
481,31
482,15
483,7
484,6
485,11
486,12
487,6
488,11
489,12
490,7
491,26
492,15
493,14
494,15
495,4
496,22
497,14
498,24
499,4
500,18
501,22
502,23
503,31
504,10
505,25
506,1
507,15
508,11
509,24
510,24
511,30
512,24
513,6
514,24
515,30
516,11
517,1
518,15
519,10
520,27
521,14
522,18
523,4
524,4
525,4
526,4
527,6
528,14
529,14
530,6
531,4
532,4
533,14
534,10
535,14
536,27
537,14
538,4
539,4
540,18
541,11
542,30
543,24
544,6
545,24
546,15
547,1
548,15
549,1
550,25
551,30
552,24
553,24
554,11
555,22
556,18
557,4
558,10
559,31
560,23
561,15
562,14
563,24
564,14
565,22
566,4
567,7
568,12
569,11
570,6
571,15
572,26
573,15
574,12
575,11
576,6
577,7
578,22
579,23
580,30
581,25
582,31
583,30
584,17
585,17
586,31
587,30
588,23
589,25
590,22
591,2
592,31
593,30
594,17
595,14
596,2
597,14
598,23
599,32
600,17
601,12
602,32
603,30
604,32
605,30
606,13
607,16
608,14
609,19
610,23
611,16
612,16
613,22
614,2
615,19
616,23
617,31
618,12
619,12
620,2
621,17
622,15
623,8
624,20
625,20
626,21
627,26
628,28
629,1
630,0
631,7
632,1
633,28
634,20
635,21
636,26
637,20
638,9
639,7
640,24
641,0
642,28
643,9
644,5
645,0
646,7
647,24
648,9
649,26
650,27
651,20
652,9
653,28
654,5
655,28
656,7
657,5
658,24
659,11
660,20
661,27
662,21
663,8
664,18
665,12
666,12
667,8
668,21
669,16
670,6
671,8
672,31
673,15
674,10
675,10
676,31
677,15
678,3
679,8
680,3
681,19
682,29
683,29
684,19
685,3
686,3
687,19
688,28
689,32
690,16
691,12
692,2
693,5
694,32
695,16
696,12
697,28
698,2
699,19
700,32
701,16
702,12
703,32
704,2
705,16
706,12
707,8
708,3
709,16
710,15
711,31
712,10
713,10
714,15
715,31
716,8
717,6
718,3
719,19
720,29
721,29
722,19
723,3
724,3
725,27
726,9
727,20
728,11
729,5
730,28
731,7
732,5
733,28
734,24
735,20
736,27
737,21
738,8
739,12
740,12
741,18
742,8
743,21
744,20
745,26
746,21
747,20
748,28
749,1
750,0
751,1
752,7
753,28
754,26
755,21
756,20
757,20
758,8
759,9
760,24
761,7
762,28
763,0
764,5
765,0
766,24
767,7
768,9
769,26
770,25
771,21
772,17
773,23
774,14
775,12
776,13
777,32
778,30
779,32
780,30
781,16
782,32
783,23
784,14
785,22
786,19
787,23
788,17
789,2
790,12
791,31
792,12
793,2
794,16
795,16
796,22
797,25
798,23
799,30
800,31
801,17
802,17
803,30
804,31
805,25
806,30
807,23
808,22
809,2
810,30
811,31
812,17
813,14
814,2
815,4
816,12
817,22
818,14
819,15
820,23
821,31
822,14
823,24
824,18
825,4
826,22
827,7
828,6
829,12
830,11
831,15
832,26
833,15
834,6
835,12
836,11
837,7
838,13
839,6
840,4
841,4
842,29
843,27
844,14
845,14
846,14
847,14
848,4
849,4
850,18
851,11
852,24
853,24
854,30
855,25
856,1
857,15
858,1
859,9
860,15
861,0
862,6
863,24
864,24
865,30
866,11
867,0
868,9
869,15
870,1
871,11
872,30
873,24
874,24
875,6
876,30
877,24
878,24
879,11
880,15
881,1
882,25
883,14
884,14
885,18
886,4
887,4
888,4
889,4
890,13
891,6
892,14
893,14
894,27
895,29
896,15
897,26
898,7
899,11
900,12
901,6
902,11
903,12
904,6
905,7
906,15
907,14
908,31
909,23
910,15
911,22
912,4
913,18
914,24
915,22
916,12
917,4
918,14
919,17
920,31
921,30
922,2
923,14
924,2
925,31
926,30
927,17
928,22
929,23
930,30
931,25
932,23
933,25
934,22
935,17
936,31
937,30
938,12
939,31
940,16
941,16
942,2
943,2
944,17
945,23
946,19
947,22
948,12
949,30
950,32
951,14
952,23
953,32
954,16
955,14
956,23
957,17
958,30
959,32
960,13
961,12
962,7
963,24
964,0
965,5
966,21
967,25
968,26
969,9
970,9
971,0
972,28
973,7
974,24
975,28
976,7
977,1
978,8
979,20
980,20
981,21
982,26
983,20
984,21
985,26
986,20
987,0
988,1
989,28
990,8
991,18
992,12
993,21
994,21
995,12
996,8
997,24
998,28
999,5
1000,27
1001,20
1002,20
1003,9
1004,27
1005,7
1006,28
1007,5
1008,11
1009,19
1010,29
1011,3
1012,3
1013,3
1014,29
1015,19
1016,10
1017,6
1018,8
1019,31
1020,15
1021,31
1022,15
1023,3
1024,16
1025,8
1026,10
1027,12
1028,16
1029,2
1030,32
1031,12
1032,16
1033,19
1034,32
1035,2
1036,28
1037,12
1038,28
1039,2
1040,16
1041,2
1042,16
1043,12
1044,2
1045,20
1046,16
1047,12
1048,32
1049,3
1050,31
1051,15
1052,6
1053,8
1054,19
1055,29
1056,10
1057,10
1058,8
1059,3
1060,31
1061,15
1062,3
1063,10
1064,29
1065,19
1066,19
1067,29
1068,3
1069,31
1070,20
1071,21
1072,27
1073,5
1074,28
1075,8
1076,7
1077,11
1078,5
1079,28
1080,7
1081,27
1082,20
1083,21
1084,12
1085,18
1086,5
1087,8
1088,8
1089,12
1090,21
1091,26
1092,20
1093,21
1094,20
1095,8
1096,24
1097,1
1098,28
1099,9
1100,28
1101,1
1102,0
1103,20
1104,9
1105,26
1106,25
1107,20
1108,21
1109,9
1110,20
1111,25
1112,20
1113,9
1114,0
1115,24
1116,7
1117,24
1118,7
1119,0
1120,0
1121,9
1122,23
1123,32
1124,14
1125,2
1126,32
1127,30
1128,31
1129,13
1130,32
1131,30
1132,23
1133,14
1134,14
1135,2
1136,16
1137,31
1138,12
1139,31
1140,12
1141,13
1142,17
1143,2
1144,25
1145,23
1146,30
1147,22
1148,17
1149,30
1150,31
1151,30
1152,31
1153,12
1154,5
1155,17
1156,22
1157,25
1158,23
1159,2
1160,25
1161,2
1162,22
1163,7
1164,18
1165,4
1166,22
1167,23
1168,31
1169,26
1170,14
1171,14
1172,4
1173,22
1174,6
1175,4
1176,12
1177,11
1178,7
1179,26
1180,14
1181,15
1182,15
1183,29
1184,7
1185,18
1186,6
1187,12
1188,22
1189,11
1190,11
1191,4
1192,4
1193,24
1194,10
1195,14
1196,29
1197,1
1198,27
1199,14
1200,14
1201,30
1202,4
1203,4
1204,24
1205,6
1206,24
1207,30
1208,11
1209,1
1210,29
1211,15
1212,27
1213,14
1214,25
1215,1
1216,15
1217,11
1218,24
1219,24
1220,30
1221,15
1222,1
1223,25
1224,14
1225,30
1226,24
1227,24
1228,11
1229,11
1230,30
1231,24
1232,6
1233,24
1234,27
1235,15
1236,29
1237,1
1238,14
1239,10
1240,27
1241,1
1242,29
1243,4
1244,4
1245,30
1246,24
1247,4
1248,4
1249,11
1250,14
1251,10
1252,15
1253,11
1254,22
1255,12
1256,6
1257,18
1258,7
1259,29
1260,7
1261,11
1262,12
1263,6
1264,4
1265,15
1266,14
1267,26
1268,14
1269,22
1270,4
1271,22
1272,4
1273,18
1274,7
1275,14
1276,26
1277,31
1278,23
1279,22
1280,2
1281,25
1282,2
1283,17
1284,12
1285,5
1286,31
1287,30
1288,23
1289,25
1290,22
1291,22
1292,30
1293,23
1294,25
1295,31
1296,30
1297,17
1298,13
1299,12
1300,2
1301,17
1302,16
1303,2
1304,14
1305,31
1306,12
1307,31
1308,30
1309,32
1310,13
1311,31
1312,14
1313,23
1314,2
1315,14
1316,32
1317,23
1318,30
1319,32
1320,0
1321,0
1322,7
1323,24
1324,9
1325,20
1326,25
1327,20
1328,9
1329,7
1330,24
1331,0
1332,9
1333,0
1334,1
1335,28
1336,21
1337,20
1338,25
1339,26
1340,9
1341,20
1342,8
1343,20
1344,21
1345,20
1346,26
1347,9
1348,28
1349,1
1350,24
1351,12
1352,8
1353,21
1354,21
1355,8
1356,5
1357,18
1358,12
1359,7
1360,28
1361,5
1362,11
1363,20
1364,27
1365,27
1366,21
1367,20
1368,7
1369,8
1370,28
1371,5
1372,29
1373,19
1374,31
1375,3
1376,3
1377,19
1378,29
1379,10
1380,14
1381,15
1382,31
1383,3
1384,8
1385,8
1386,6
1387,15
1388,31
1389,3
1390,10
1391,29
1392,19
1393,20
1394,32
1395,12
1396,16
1397,12
1398,16
1399,2
1400,2
1401,2
1402,28
1403,16
1404,12
1405,12
1406,16
1407,32
1408,29
1409,5
1410,29
1411,32
1412,12
1413,13
1414,8
1415,23
1416,28
1417,5
1418,2
1419,28
1420,2
1421,5
1422,8
1423,32
1424,15
1425,11
1426,19
1427,29
1428,29
1429,11
1430,3
1431,8
1432,26
1433,3
1434,15
1435,15
1436,8
1437,1
1438,12
1439,3
1440,24
1441,27
1442,21
1443,0
1444,22
1445,21
1446,21
1447,27
1448,5
1449,22
1450,22
1451,21
1452,27
1453,25
1454,9
1455,24
1456,27
1457,7
1458,9
1459,28
1460,0
1461,9
1462,0
1463,1
1464,24
1465,21
1466,25
1467,20
1468,26
1469,21
1470,28
1471,0
1472,1
1473,0
1474,1
1475,0
1476,7
1477,28
1478,21
1479,20
1480,16
1481,23
1482,17
1483,19
1484,2
1485,12
1486,31
1487,12
1488,31
1489,32
1490,17
1491,2
1492,16
1493,17
1494,23
1495,19
1496,25
1497,12
1498,13
1499,32
1500,32
1501,13
1502,16
1503,23
1504,19
1505,25
1506,14
1507,13
1508,31
1509,25
1510,30
1511,31
1512,31
1513,17
1514,30
1515,31
1516,25
1517,22
1518,7
1519,6
1520,12
1521,15
1522,1
1523,23
1524,26
1525,26
1526,27
1527,15
1528,1
1529,6
1530,12
1531,7
1532,6
1533,4
1534,18
1535,22
1536,22
1537,12
1538,14
1539,23
1540,15
1541,23
1542,14
1543,4
1544,18
1545,22
1546,11
1547,22
1548,12
1549,18
1550,24
1551,13
1552,6
1553,30
1554,18
1555,1
1556,1
1557,6
1558,13
1559,18
1560,30
1561,11
1562,12
1563,4
1564,13
1565,6
1566,4
1567,29
1568,27
1569,27
1570,26
1571,29
1572,4
1573,18
1574,29
1575,26
1576,27
1577,18
1578,4
1579,4
1580,13
1581,6
1582,27
1583,29
1584,1
1585,4
1586,12
1587,11
1588,18
1589,30
1590,6
1591,13
1592,30
1593,18
1594,13
1595,6
1596,24
1597,18
1598,12
1599,22
1600,11
1601,1
1602,10
1603,23
1604,15
1605,22
1606,18
1607,4
1608,12
1609,22
1610,22
1611,18
1612,6
1613,4
1614,23
1615,14
1616,1
1617,15
1618,27
1619,26
1620,7
1621,12
1622,6
1623,12
1624,6
1625,7
1626,26
1627,23
1628,1
1629,15
1630,31
1631,30
1632,17
1633,22
1634,25
1635,25
1636,31
1637,31
1638,30
1639,31
1640,13
1641,13
1642,32
1643,14
1644,25
1645,19
1646,23
1647,16
1648,25
1649,19
1650,23
1651,17
1652,32
1653,13
1654,12
1655,32
1656,31
1657,12
1658,16
1659,2
1660,17
1661,2
1662,19
1663,17
1664,23
1665,16
1666,31
1667,12
1668,28
1669,7
1670,0
1671,1
1672,20
1673,21
1674,21
1675,26
1676,20
1677,0
1678,1
1679,0
1680,28
1681,24
1682,1
1683,0
1684,9
1685,25
1686,21
1687,9
1688,25
1689,27
1690,28
1691,9
1692,7
1693,27
1694,24
1695,22
1696,27
1697,21
1698,27
1699,21
1700,22
1701,5
1702,22
1703,21
1704,21
1705,27
1706,24
1707,0
1708,3
1709,12
1710,1
1711,8
1712,15
1713,15
1714,3
1715,26
1716,8
1717,29
1718,11
1719,3
1720,11
1721,15
1722,29
1723,19
1724,5
1725,2
1726,28
1727,32
1728,8
1729,8
1730,13
1731,2
1732,5
1733,23
1734,28
1735,29
1736,12
1737,32
1738,32
1739,16
1740,12
1741,5
1742,29
1743,32
1744,12
1745,3
1746,28
1747,2
1748,29
1749,29
1750,12
1751,16
1752,32
1753,12
1754,8
1755,28
1756,2
1757,5
1758,28
1759,23
1760,5
1761,2
1762,13
1763,16
1764,8
1765,8
1766,11
1767,4
1768,29
1769,19
1770,29
1771,11
1772,32
1773,15
1774,8
1775,1
1776,3
1777,19
1778,29
1779,26
1780,8
1781,3
1782,15
1783,21
1784,5
1785,24
1786,21
1787,21
1788,27
1789,8
1790,22
1791,5
1792,22
1793,21
1794,27
1795,20
1796,20
1797,25
1798,9
1799,0
1800,24
1801,24
1802,7
1803,0
1804,27
1805,9
1806,0
1807,25
1808,9
1809,20
1810,21
1811,20
1812,1
1813,24
1814,0
1815,9
1816,28
1817,28
1818,1
1819,0
1820,20
1821,9
1822,26
1823,21
1824,25
1825,17
1826,2
1827,14
1828,16
1829,12
1830,31
1831,12
1832,31
1833,13
1834,16
1835,17
1836,2
1837,23
1838,19
1839,25
1840,2
1841,14
1842,32
1843,13
1844,31
1845,13
1846,32
1847,23
1848,19
1849,25
1850,25
1851,22
1852,25
1853,22
1854,30
1855,31
1856,30
1857,31
1858,25
1859,17
1860,6
1861,4
1862,12
1863,7
1864,26
1865,15
1866,1
1867,15
1868,1
1869,26
1870,7
1871,6
1872,18
1873,22
1874,12
1875,4
1876,18
1877,22
1878,23
1879,26
1880,14
1881,14
1882,23
1883,4
1884,18
1885,22
1886,22
1887,6
1888,13
1889,6
1890,30
1891,18
1892,11
1893,12
1894,1
1895,29
1896,27
1897,12
1898,14
1899,1
1900,11
1901,12
1902,24
1903,6
1904,13
1905,18
1906,30
1907,4
1908,24
1909,27
1910,29
1911,29
1912,1
1913,27
1914,4
1915,27
1916,1
1917,29
1918,4
1919,24
1920,4
1921,29
1922,27
1923,1
1924,14
1925,18
1926,30
1927,6
1928,13
1929,24
1930,12
1931,11
1932,12
1933,11
1934,30
1935,18
1936,13
1937,6
1938,12
1939,27
1940,29
1941,1
1942,23
1943,14
1944,6
1945,22
1946,22
1947,18
1948,4
1949,22
1950,18
1951,4
1952,10
1953,26
1954,23
1955,26
1956,1
1957,15
1958,12
1959,22
1960,18
1961,6
1962,7
1963,7
1964,12
1965,6
1966,4
1967,1
1968,15
1969,26
1970,31
1971,30
1972,17
1973,25
1974,22
1975,25
1976,31
1977,30
1978,22
1979,25
1980,32
1981,13
1982,31
1983,25
1984,19
1985,23
1986,14
1987,2
1988,25
1989,19
1990,23
1991,13
1992,32
1993,13
1994,31
1995,12
1996,2
1997,17
1998,16
1999,16
2000,14
2001,2
2002,17
2003,31
2004,12
2005,0
2006,1
2007,28
2008,25
2009,21
2010,26
2011,9
2012,20
2013,20
2014,21
2015,20
2016,28
2017,9
2018,27
2019,24
2020,1
2021,27
2022,9
2023,27
2024,0
2025,7
2026,24
2027,9
2028,25
2029,25
2030,20
2031,20
2032,24
2033,0
2034,9
2035,22
2036,5
2037,27
2038,21
2039,27
2040,21
2041,22
2042,8
2043,21
2044,24
2045,21
2046,5
2047,15
2048,3
2049,8
2050,26
2051,3
2052,1
2053,8
2054,15
2055,32
2056,29
2057,19
2058,29
2059,19
2060,11
2061,11
2062,8
2063,29
2064,4
2065,2
2066,5
2067,28
2068,23
2069,8
2070,16
2071,13
2072,8
2073,12
2074,5
2075,2
2076,28
2077,29
2078,32
2079,16
2080,12
2081,3
2082,12
2083,32
2084,29
2085,2
2086,28
2087,28
2088,2
2089,5
2090,16
2091,8
2092,13
2093,12
2094,8
2095,23
2096,28
2097,5
2098,2
2099,29
2100,32
2101,12
2102,16
2103,3
2104,12
2105,32
2106,29
2107,28
2108,2
2109,15
2110,1
2111,8
2112,3
2113,26
2114,8
2115,3
2116,32
2117,15
2118,29
2119,19
2120,29
2121,11
2122,3
2123,8
2124,11
2125,19
2126,14
2127,29
2128,22
2129,21
2130,27
2131,21
2132,27
2133,5
2134,22
2135,8
2136,3
2137,8
2138,21
2139,24
2140,21
2141,5
2142,1
2143,0
2144,28
2145,25
2146,20
2147,21
2148,20
2149,9
2150,20
2151,26
2152,21
2153,21
2154,28
2155,9
2156,24
2157,1
2158,0
2159,9
2160,0
2161,24
2162,0
2163,25
2164,25
2165,20
2166,9
2167,24
2168,7
2169,27
2170,9
2171,0
2172,32
2173,31
2174,13
2175,19
2176,23
2177,14
2178,25
2179,19
2180,23
2181,25
2182,13
2183,32
2184,31
2185,12
2186,13
2187,17
2188,2
2189,16
2190,16
2191,17
2192,14
2193,2
2194,31
2195,12
2196,17
2197,30
2198,31
2199,25
2200,17
2201,22
2202,25
2203,30
2204,31
2205,22
2206,25
2207,23
2208,10
2209,6
2210,18
2211,4
2212,22
2213,18
2214,4
2215,22
2216,22
2217,26
2218,10
2219,23
2220,26
2221,15
2222,1
2223,18
2224,6
2225,12
2226,22
2227,7
2228,7
2229,6
2230,12
2231,15
2232,1
2233,26
2234,10
2235,27
2236,29
2237,1
2238,4
2239,24
2240,11
2241,4
2242,29
2243,27
2244,14
2245,1
2246,14
2247,6
2248,13
2249,18
2250,30
2251,12
2252,11
2253,12
2254,11
2255,13
2256,6
2257,24
2258,30
2259,18
2260,27
2261,1
2262,29
2263,30
2264,18
2265,24
2266,13
2267,6
2268,11
2269,12
2270,29
2271,1
2272,27
2273,14
2274,1
2275,11
2276,12
2277,18
2278,30
2279,6
2280,13
2281,4
2282,11
2283,24
2284,14
2285,27
2286,29
2287,1
2288,29
2289,27
2290,4
2291,12
2292,6
2293,7
2294,10
2295,26
2296,1
2297,15
2298,1
2299,15
2300,26
2301,7
2302,22
2303,12
2304,6
2305,18
2306,22
2307,22
2308,4
2309,18
2310,23
2311,14
2312,26
2313,14
2314,23
2315,22
2316,4
2317,18
2318,6
2319,25
2320,22
2321,25
2322,31
2323,30
2324,31
2325,30
2326,17
2327,22
2328,17
2329,25
2330,2
2331,14
2332,17
2333,16
2334,12
2335,31
2336,13
2337,12
2338,31
2339,16
2340,2
2341,17
2342,25
2343,23
2344,19
2345,32
2346,13
2347,13
2348,31
2349,32
2350,25
2351,14
2352,23
2353,19
2354,9
2355,20
2356,25
2357,0
2358,9
2359,27
2360,7
2361,24
2362,0
2363,24
2364,0
2365,9
2366,25
2367,21
2368,21
2369,26
2370,20
2371,0
2372,1
2373,24
2374,9
2375,28
2376,28
2377,0
2378,1
2379,9
2380,20
2381,21
2382,20
2383,25
2384,21
2385,24
2386,5
2387,8
2388,21
2389,27
2390,21
2391,3
2392,8
2393,22
2394,5
2395,22
2396,27
2397,21
2398,11
2399,8
2400,29
2401,14
2402,19
2403,29
2404,3
2405,11
2406,15
2407,32
2408,3
2409,8
2410,26
2411,19
2412,29
2413,3
2414,8
2415,1
2416,15
2417,32
2418,12
2419,16
2420,3
2421,2
2422,28
2423,29
2424,29
2425,12
2426,32
2427,8
2428,12
2429,13
2430,2
2431,5
2432,23
2433,28
2434,5
2435,2
2436,28
2437,8
2438,16
2439,28
2440,23
2441,5
2442,2
2443,32
2444,13
2445,8
2446,8
2447,28
2448,2
2449,5
2450,29
2451,16
2452,12
2453,32
2454,32
2455,12
2456,19
2457,5
2458,29
2459,8
2460,26
2461,3
2462,12
2463,15
2464,15
2465,1
2466,8
2467,3
2468,11
2469,19
2470,29
2471,11
2472,3
2473,11
2474,3
2475,15
2476,29
2477,28
2478,5
2479,22
2480,21
2481,27
2482,21
2483,27
2484,22
2485,24
2486,21
2487,21
2488,27
2489,0
2490,8
2491,28
2492,1
2493,7
2494,0
2495,20
2496,26
2497,21
2498,26
2499,21
2500,20
2501,20
2502,1
2503,0
2504,28
2505,0
2506,24
2507,1
2508,27
2509,7
2510,9
2511,0
2512,25
2513,21
2514,9
2515,25
2516,9
2517,0
2518,24
2519,13
2520,32
2521,19
2522,23
2523,25
2524,16
2525,19
2526,17
2527,23
2528,14
2529,25
2530,32
2531,12
2532,13
2533,32
2534,31
2535,12
2536,16
2537,17
2538,2
2539,19
2540,17
2541,2
2542,16
2543,31
2544,12
2545,30
2546,31
2547,25
2548,25
2549,22
2550,31
2551,17
2552,30
2553,31
2554,30
2555,31
2556,13
2557,10
2558,23
2559,18
2560,4
2561,22
2562,22
2563,18
2564,6
2565,4
2566,12
2567,22
2568,23
2569,10
2570,15
2571,1
2572,26
2573,27
2574,7
2575,6
2576,12
2577,6
2578,12
2579,7
2580,26
2581,15
2582,1
2583,23
2584,29
2585,27
2586,14
2587,26
2588,18
2589,4
2590,4
2591,13
2592,6
2593,27
2594,29
2595,1
2596,12
2597,11
2598,4
2599,6
2600,13
2601,24
2602,18
2603,30
2604,13
2605,6
2606,30
2607,18
2608,12
2609,11
2610,22
2611,18
2612,1
2613,18
2614,22
2615,11
2616,12
2617,30
2618,18
2619,13
2620,6
2621,1
2622,1
2623,18
2624,30
2625,24
2626,6
2627,13
2628,4
2629,11
2630,12
2631,13
2632,6
2633,4
2634,29
2635,27
2636,26
2637,14
2638,27
2639,29
2640,4
2641,18
2642,7
2643,12
2644,6
2645,23
2646,1
2647,15
2648,26
2649,27
2650,26
2651,1
2652,15
2653,12
2654,6
2655,7
2656,22
2657,12
2658,6
2659,4
2660,18
2661,14
2662,23
2663,23
2664,10
2665,22
2666,22
2667,4
2668,18
2669,13
2670,31
2671,30
2672,22
2673,25
2674,31
2675,30
2676,17
2677,31
2678,31
2679,30
2680,25
2681,16
2682,2
2683,17
2684,19
2685,12
2686,31
2687,12
2688,31
2689,32
2690,2
2691,17
2692,16
2693,25
2694,14
2695,23
2696,17
2697,19
2698,13
2699,12
2700,32
2701,32
2702,13
2703,16
2704,25
2705,23
2706,19
2707,25
2708,24
2709,0
2710,9
2711,0
2712,9
2713,7
2714,27
2715,1
2716,24
2717,9
2718,21
2719,25
2720,20
2721,20
2722,21
2723,0
2724,28
2725,0
2726,1
2727,27
2728,7
2729,1
2730,28
2731,21
2732,26
2733,20
2734,27
2735,21
2736,8
2737,27
2738,21
2739,24
2740,27
2741,21
2742,22
2743,22
2744,5
2745,28
2746,27
2747,21
2748,15
2749,11
2750,29
2751,29
2752,19
2753,11
2754,3
2755,3
2756,11
2757,8
2758,1
2759,15
2760,15
2761,12
2762,3
2763,26
2764,8
2765,12
2766,19
2767,32
2768,29
2769,5
2770,29
2771,32
2772,12
2773,16
2774,8
2775,5
2776,2
2777,28
2778,2
2779,5
2780,28
2781,23
2782,8
2783,13
2784,32
2785,32
2786,12
2787,16
2788,5
2789,13
2790,12
2791,16
2792,8
2793,32
2794,19
2795,3
2796,28
2797,5
2798,2
2799,28
2800,2
2801,5
2802,29
2803,32
2804,3
2805,12
2806,11
2807,32
2808,15
2809,29
2810,19
2811,19
2812,29
2813,32
2814,12
2815,3
2816,15
2817,8
2818,11
2819,3
2820,4
2821,14
2822,8
2823,3
2824,15
2825,27
2826,21
2827,8
2828,28
2829,8
2830,22
2831,3
2832,27
2833,5
2834,22
2835,0
2836,0
2837,5
2838,27
2839,24
2840,9
2841,25
2842,9
2843,28
2844,0
2845,24
2846,7
2847,1
2848,24
2849,7
2850,9
2851,0
2852,26
2853,21
2854,21
2855,25
2856,9
2857,21
2858,20
2859,20
2860,1
2861,0
2862,0
2863,28
2864,1
2865,0
2866,7
2867,27
2868,21
2869,20
2870,23
2871,17
2872,19
2873,2
2874,16
2875,12
2876,31
2877,32
2878,12
2879,31
2880,16
2881,17
2882,25
2883,17
2884,19
2885,14
2886,32
2887,12
2888,13
2889,13
2890,32
2891,23
2892,19
2893,14
2894,16
2895,17
2896,31
2897,31
2898,30
2899,31
2900,17
2901,25
2902,22
2903,13
2904,31
2905,30
2906,31
2907,13
2908,22
2909,25
2910,6
2911,12
2912,7
2913,6
2914,26
2915,15
2916,23
2917,26
2918,6
2919,6
2920,12
2921,4
2922,6
2923,18
2924,22
2925,12
2926,23
2927,1
2928,27
2929,10
2930,27
2931,15
2932,23
2933,18
2934,22
2935,24
2936,6
2937,13
2938,18
2939,1
2940,26
2941,26
2942,1
2943,11
2944,4
2945,24
2946,13
2947,6
2948,18
2949,22
2950,4
2951,18
2952,6
2953,13
2954,27
2955,12
2956,14
2957,29
2958,29
2959,27
2960,14
2961,18
2962,22
2963,4
2964,18
2965,14
2966,27
2967,29
2968,18
2969,4
2970,22
2971,18
2972,6
2973,13
2974,18
2975,4
2976,22
2977,29
2978,14
2979,12
2980,27
2981,1
2982,26
2983,18
2984,13
2985,6
2986,24
2987,4
2988,11
2989,18
2990,6
2991,13
2992,24
2993,26
2994,1
2995,23
2996,15
2997,27
2998,10
2999,22
3000,18
3001,12
3002,22
3003,18
3004,4
3005,6
3006,27
3007,1
3008,23
3009,26
3010,12
3011,6
3012,6
3013,6
3014,7
3015,12
3016,6
3017,23
3018,15
3019,26
3020,13
3021,31
3022,30
3023,25
3024,22
3025,22
3026,25
3027,31
3028,13
3029,31
3030,30
3031,31
3032,17
3033,17
3034,31
3035,32
3036,13
3037,16
3038,14
3039,19
3040,23
3041,14
3042,19
3043,17
3044,13
3045,12
3046,32
3047,31
3048,12
3049,32
3050,25
3051,17
3052,16
3053,16
3054,2
3055,19
3056,17
3057,23
3058,31
3059,12
3060,27
3061,7
3062,0
3063,1
3064,28
3065,20
3066,21
3067,20
3068,20
3069,21
3070,0
3071,0
3072,1
3073,0
3074,9
3075,7
3076,24
3077,1
3078,9
3079,25
3080,21
3081,21
3082,26
3083,25
3084,9
3085,7
3086,24
3087,0
3088,28
3089,9
3090,5
3091,0
3092,24
3093,27
3094,27
3095,0
3096,22
3097,5
3098,3
3099,22
3100,8
3101,28
3102,21
3103,27
3104,8
3105,14
3106,15
3107,3
3108,8
3109,11
3110,3
3111,8
3112,15
3113,4
3114,29
3115,19
3116,3
3117,12
3118,32
3119,15
3120,32
3121,11
3122,12
3123,19
3124,29
3125,29
3126,5
3127,2
3128,28
3129,3
3130,32
3131,3
3132,19
3133,2
3134,5
3135,28
3136,32
3137,8
3138,16
3139,12
3140,13
3141,16
3142,12
3143,32
3144,5
3145,12
3146,16
3147,32
3148,28
3149,23
3150,2
3151,32
3152,12
3153,16
3154,12
3155,3
3156,28
3157,2
3158,5
3159,28
3160,5
3161,2
3162,19
3163,3
3164,32
3165,8
3166,26
3167,12
3168,19
3169,29
3170,29
3171,19
3172,1
3173,12
3174,11
3175,32
3176,8
3177,3
3178,15
3179,29
3180,10
3181,19
3182,4
3183,15
3184,31
3185,8
3186,3
3187,21
3188,28
3189,5
3190,3
3191,8
3192,8
3193,21
3194,27
3195,21
3196,0
3197,5
3198,5
3199,22
3200,0
3201,27
3202,21
3203,25
3204,9
3205,20
3206,24
3207,7
3208,9
3209,0
3210,9
3211,27
3212,24
3213,7
3214,0
3215,9
3216,25
3217,20
3218,21
3219,9
3220,28
3221,1
3222,24
3223,0
3224,1
3225,0
3226,20
3227,21
3228,25
3229,20
3230,16
3231,17
3232,12
3233,31
3234,12
3235,31
3236,13
3237,17
3238,2
3239,16
3240,23
3241,19
3242,2
3243,14
3244,13
3245,32
3246,32
3247,31
3248,13
3249,19
3250,14
3251,25
3252,17
3253,31
3254,31
3255,22
3256,17
3257,22
3258,25
3259,30
3260,31
3261,13
3262,13
3263,31
3264,25
3265,22
3266,6
3267,4
3268,6
3269,12
3270,26
3271,10
3272,26
3273,15
3274,6
3275,18
3276,22
3277,12
3278,7
3279,6
3280,18
3281,22
3282,7
3283,26
3284,10
3285,27
3286,23
3287,23
3288,27
3289,4
3290,18
3291,22
3292,11
3293,24
3294,6
3295,13
3296,18
3297,27
3298,26
3299,1
3300,29
3301,1
3302,26
3303,24
3304,13
3305,6
3306,18
3307,24
3308,11
3309,22
3310,4
3311,18
3312,29
3313,27
3314,14
3315,27
3316,12
3317,14
3318,29
3319,1
3320,22
3321,12
3322,4
3323,18
3324,30
3325,1
3326,29
3327,14
3328,12
3329,27
3330,30
3331,18
3332,4
3333,12
3334,22
3335,18
3336,4
3337,22
3338,11
3339,24
3340,14
3341,27
3342,29
3343,26
3344,1
3345,18
3346,13
3347,6
3348,24
3349,18
3350,6
3351,13
3352,24
3353,11
3354,29
3355,1
3356,26
3357,27
3358,27
3359,23
3360,22
3361,18
3362,4
3363,7
3364,22
3365,18
3366,23
3367,27
3368,10
3369,26
3370,15
3371,26
3372,6
3373,7
3374,12
3375,22
3376,18
3377,6
3378,12
3379,4
3380,6
3381,6
3382,14
3383,26
3384,31
3385,13
3386,22
3387,25
3388,25
3389,22
3390,13
3391,31
3392,30
3393,31
3394,17
3395,22
3396,17
3397,25
3398,31
3399,13
3400,31
3401,32
3402,14
3403,19
3404,14
3405,2
3406,19
3407,23
3408,32
3409,13
3410,13
3411,31
3412,12
3413,16
3414,2
3415,17
3416,17
3417,16
3418,31
3419,12
3420,0
3421,1
3422,20
3423,25
3424,21
3425,20
3426,21
3427,20
3428,0
3429,24
3430,1
3431,28
3432,9
3433,0
3434,7
3435,24
3436,0
3437,9
3438,25
3439,9
3440,20
3441,9
3442,25
3443,21
3444,0
3445,9
3446,7
3447,24
3448,0
3449,22
3450,5
3451,27
3452,21
3453,27
3454,5
3455,0
3456,8
3457,21
3458,21
3459,8
3460,3
3461,5
3462,28
3463,4
3464,3
3465,8
3466,31
3467,15
3468,15
3469,3
3470,8
3471,19
3472,10
3473,29
3474,19
3475,29
3476,32
3477,11
3478,12
3479,1
3480,12
3481,26
3482,8
3483,32
3484,29
3485,19
3486,2
3487,5
3488,28
3489,3
3490,19
3491,3
3492,12
3493,5
3494,2
3495,28
3496,16
3497,12
3498,32
3499,32
3500,16
3501,12
3502,2
3503,28
3504,23
3505,28
3506,2
3507,5
3508,16
3509,3
3510,3
3511,19
3512,12
3513,28
3514,5
3515,2
3516,16
3517,12
3518,32
3519,32
3520,16
3521,12
3522,28
3523,2
3524,14
3525,8
3526,3
3527,15
3528,15
3529,31
3530,8
3531,3
3532,4
3533,29
3534,19
3535,29
3536,32
3537,12
3538,8
3539,11
3540,12
3541,32
3542,29
3543,19
3544,0
3545,5
3546,27
3547,21
3548,27
3549,5
3550,22
3551,0
3552,28
3553,3
3554,8
3555,21
3556,8
3557,28
3558,1
3559,0
3560,9
3561,25
3562,20
3563,21
3564,20
3565,21
3566,20
3567,24
3568,1
3569,0
3570,9
3571,24
3572,0
3573,7
3574,9
3575,0
3576,21
3577,25
3578,9
3579,9
3580,20
3581,25
3582,9
3583,0
3584,24
3585,7
3586,31
3587,13
3588,32
3589,19
3590,23
3591,14
3592,19
3593,14
3594,2
3595,32
3596,13
3597,31
3598,12
3599,13
3600,16
3601,17
3602,17
3603,14
3604,2
3605,16
3606,31
3607,12
3608,30
3609,31
3610,13
3611,22
3612,25
3613,25
3614,22
3615,13
3616,31
3617,31
3618,17
3619,25
3620,17
3621,31
3622,27
3623,14
3624,23
3625,18
3626,22
3627,7
3628,18
3629,4
3630,22
3631,23
3632,26
3633,27
3634,26
3635,6
3636,18
3637,6
3638,12
3639,22
3640,4
3641,6
3642,12
3643,6
3644,26
3645,14
3646,15
3647,29
3648,1
3649,27
3650,14
3651,30
3652,12
3653,22
3654,18
3655,4
3656,11
3657,22
3658,18
3659,4
3660,27
3661,14
3662,12
3663,29
3664,26
3665,1
3666,11
3667,13
3668,6
3669,24
3670,18
3671,6
3672,13
3673,24
3674,18
3675,30
3676,1
3677,29
3678,27
3679,26
3680,18
3681,30
3682,24
3683,6
3684,13
3685,26
3686,27
3687,29
3688,1
3689,1
3690,26
3691,18
3692,24
3693,13
3694,6
3695,11
3696,4
3697,18
3698,22
3699,11
3700,29
3701,12
3702,14
3703,27
3704,14
3705,27
3706,1
3707,29
3708,4
3709,18
3710,22
3711,12
3712,30
3713,6
3714,12
3715,4
3716,6
3717,15
3718,14
3719,26
3720,26
3721,22
3722,12
3723,6
3724,18
3725,6
3726,22
3727,4
3728,18
3729,7
3730,27
3731,26
3732,23
3733,23
3734,14
3735,27
3736,22
3737,18
3738,17
3739,25
3740,31
3741,31
3742,17
3743,22
3744,25
3745,31
3746,13
3747,13
3748,31
3749,30
3750,25
3751,22
3752,16
3753,2
3754,14
3755,17
3756,12
3757,31
3758,13
3759,12
3760,31
3761,17
3762,16
3763,2
3764,14
3765,19
3766,13
3767,32
3768,32
3769,13
3770,31
3771,14
3772,23
3773,19
3774,25
3775,20
3776,9
3777,7
3778,24
3779,0
3780,9
3781,0
3782,9
3783,7
3784,0
3785,24
3786,9
3787,25
3788,21
3789,20
3790,21
3791,20
3792,9
3793,0
3794,1
3795,24
3796,0
3797,1
3798,28
3799,21
3800,20
3801,25
3802,9
3803,21
3804,8
3805,8
3806,3
3807,28
3808,27
3809,21
3810,0
3811,22
3812,5
3813,5
3814,0
3815,27
3816,32
3817,12
3818,11
3819,8
3820,19
3821,29
3822,29
3823,19
3824,12
3825,32
3826,3
3827,8
3828,31
3829,15
3830,29
3831,4
3832,14
3833,15
3834,3
3835,8
3836,12
3837,16
3838,32
3839,2
3840,28
3841,32
3842,12
3843,16
3844,19
3845,12
3846,3
3847,2
3848,5
3849,28
3850,5
3851,2
3852,28
3853,16
3854,3
3855,29
3856,28
3857,5
3858,2
3859,3
3860,19
3861,32
3862,3
3863,28
3864,2
3865,5
3866,32
3867,16
3868,12
3869,8
3870,16
3871,12
3872,32
3873,5
3874,4
3875,31
3876,15
3877,8
3878,3
3879,8
3880,11
3881,3
3882,15
3883,10
3884,29
3885,19
3886,3
3887,11
3888,12
3889,32
3890,32
3891,15
3892,12
3893,19
3894,29
3895,5
3896,22
3897,0
3898,27
3899,27
3900,0
3901,5
3902,22
3903,22
3904,8
3905,27
3906,28
3907,8
3908,3
3909,1
3910,0
3911,21
3912,20
3913,20
3914,21
3915,20
3916,28
3917,0
3918,1
3919,0
3920,9
3921,0
3922,24
3923,1
3924,7
3925,9
3926,25
3927,21
3928,21
3929,25
3930,9
3931,24
3932,7
3933,28
3934,9
3935,0
3936,32
3937,13
3938,16
3939,19
3940,14
3941,19
3942,17
3943,23
3944,14
3945,12
3946,13
3947,32
3948,31
3949,12
3950,32
3951,17
3952,25
3953,2
3954,16
3955,16
3956,19
3957,23
3958,17
3959,31
3960,12
3961,13
3962,31
3963,25
3964,22
3965,22
3966,25
3967,30
3968,31
3969,13
3970,30
3971,31
3972,31
3973,17
3974,17
3975,31
3976,15
3977,23
3978,27
3979,18
3980,4
3981,22
3982,18
3983,6
3984,12
3985,22
3986,27
3987,14
3988,23
3989,1
3990,26
3991,15
3992,6
3993,12
3994,6
3995,6
3996,6
3997,12
3998,22
3999,23
4000,26
4001,27
4002,14
4003,12
4004,29
4005,22
4006,18
4007,4
4008,18
4009,6
4010,13
4011,22
4012,18
4013,4
4014,29
4015,27
4016,14
4017,1
4018,26
4019,13
4020,6
4021,24
4022,30
4023,18
4024,4
4025,11
4026,6
4027,13
4028,24
4029,18
4030,26
4031,1
4032,18
4033,24
4034,6
4035,13
4036,11
4037,1
4038,26
4039,26
4040,1
4041,4
4042,30
4043,18
4044,24
4045,13
4046,6
4047,4
4048,18
4049,22
4050,6
4051,13
4052,14
4053,27
4054,29
4055,29
4056,12
4057,14
4058,27
4059,18
4060,4
4061,18
4062,22
4063,22
4064,12
4065,6
4066,6
4067,26
4068,23
4069,15
4070,26
4071,6
4072,12
4073,6
4074,22
4075,12
4076,6
4077,18
4078,1
4079,23
4080,14
4081,27
4082,27
4083,23
4084,15
4085,22
4086,4
4087,18
4088,17
4089,31
4090,31
4091,31
4092,30
4093,17
4094,25
4095,22
4096,13
4097,31
4098,30
4099,31
4100,13
4101,22
4102,25
4103,17
4104,23
4105,19
4106,16
4107,12
4108,31
4109,32
4110,12
4111,31
4112,16
4113,2
4114,25
4115,17
4116,14
4117,23
4118,17
4119,19
4120,32
4121,13
4122,12
4123,13
4124,32
4125,14
4126,19
4127,16
4128,9
4129,25
4130,21
4131,0
4132,9
4133,28
4134,7
4135,24
4136,7
4137,1
4138,24
4139,0
4140,9
4141,21
4142,25
4143,9
4144,20
4145,21
4146,0
4147,1
4148,0
4149,28
4150,0
4151,1
4152,20
4153,20
4154,21
4155,27
4156,3
4157,8
4158,28
4159,8
4160,22
4161,27
4162,22
4163,5
4164,0
4165,0
4166,22
4167,5
4168,27
4169,12
4170,15
4171,32
4172,29
4173,19
4174,19
4175,29
4176,32
4177,12
4178,3
4179,11
4180,15
4181,11
4182,3
4183,8
4184,14
4185,4
4186,3
4187,8
4188,15
4189,31
4190,32
4191,12
4192,16
4193,5
4194,8
4195,12
4196,16
4197,32
4198,3
4199,5
4200,2
4201,28
4202,2
4203,5
4204,28
4205,29
4206,32
4207,19
4208,3
4209,19
4210,12
4211,16
4212,32
4213,32
4214,12
4215,16
4216,19
4217,20
4218,2
4219,16
4220,12
4221,5
4222,2
4223,19
4224,31
4225,3
4226,16
4227,8
4228,16
4229,3
4230,10
4231,29
4232,19
4233,14
4234,8
4235,3
4236,10
4237,31
4238,31
4239,3
4240,3
4241,19
4242,29
4243,10
4244,7
4245,8
4246,28
4247,7
4248,24
4249,9
4250,21
4251,21
4252,9
4253,7
4254,12
4255,24
4256,5
4257,8
4258,5
4259,17
4260,27
4261,21
4262,5
4263,8
4264,24
4265,0
4266,7
4267,9
4268,25
4269,9
4270,9
4271,20
4272,20
4273,25
4274,9
4275,0
4276,24
4277,7
4278,28
4279,5
4280,0
4281,20
4282,9
4283,26
4284,20
4285,26
4286,20
4287,21
4288,20
4289,24
4290,0
4291,28
4292,5
4293,12
4294,31
4295,13
4296,16
4297,17
4298,2
4299,32
4300,17
4301,2
4302,14
4303,16
4304,12
4305,31
4306,30
4307,13
4308,31
4309,23
4310,19
4311,14
4312,22
4313,15
4314,22
4315,23
4316,19
4317,2
4318,14
4319,31
4320,13
4321,5
4322,12
4323,23
4324,22
4325,25
4326,12
4327,30
4328,31
4329,17
4330,22
4331,14
4332,25
4333,14
4334,22
4335,17
4336,30
4337,31
4338,15
4339,26
4340,24
4341,7
4342,14
4343,22
4344,12
4345,4
4346,6
4347,24
4348,7
4349,26
4350,31
4351,10
4352,15
4353,10
4354,4
4355,18
4356,22
4357,29
4358,7
4359,4
4360,18
4361,22
4362,26
4363,10
4364,14
4365,1
4366,11
4367,24
4368,13
4369,6
4370,30
4371,18
4372,24
4373,6
4374,13
4375,18
4376,30
4377,11
4378,29
4379,1
4380,27
4381,14
4382,30
4383,11
4384,24
4385,0
4386,27
4387,14
4388,29
4389,9
4390,15
4391,24
4392,11
4393,9
4394,15
4395,29
4396,14
4397,27
4398,0
4399,14
4400,27
4401,1
4402,29
4403,30
4404,11
4405,18
4406,30
4407,6
4408,13
4409,24
4410,1
4411,14
4412,30
4413,18
4414,13
4415,6
4416,24
4417,11
4418,22
4419,18
4420,4
4421,7
4422,10
4423,26
4424,10
4425,29
4426,22
4427,18
4428,4
4429,7
4430,24
4431,4
4432,6
4433,15
4434,10
4435,31
4436,26
4437,26
4438,15
4439,12
4440,22
4441,14
4442,7
4443,24
4444,22
4445,14
4446,25
4447,31
4448,30
4449,17
4450,17
4451,31
4452,30
4453,14
4454,22
4455,25
4456,12
4457,5
4458,12
4459,22
4460,23
4461,14
4462,2
4463,19
4464,23
4465,22
4466,13
4467,31
4468,31
4469,13
4470,15
4471,22
4472,14
4473,19
4474,23
4475,16
4476,14
4477,2
4478,17
4479,32
4480,30
4481,31
4482,12
4483,13
4484,31
4485,12
4486,2
4487,17
4488,16
4489,20
4490,21
4491,20
4492,26
4493,5
4494,28
4495,0
4496,24
4497,0
4498,5
4499,28
4500,20
4501,26
4502,9
4503,20
4504,25
4505,20
4506,20
4507,9
4508,7
4509,24
4510,0
4511,9
4512,9
4513,7
4514,0
4515,24
4516,9
4517,25
4518,21
4519,27
4520,8
4521,5
4522,17
4523,5
4524,9
4525,21
4526,8
4527,5
4528,24
4529,12
4530,7
4531,24
4532,7
4533,28
4534,8
4535,7
4536,21
4537,9
4538,3
4539,3
4540,31
4541,14
4542,29
4543,19
4544,10
4545,31
4546,14
4547,3
4548,8
4549,3
4550,16
4551,8
4552,19
4553,29
4554,14
4555,19
4556,16
4557,3
4558,31
4559,12
4560,2
4561,5
4562,2
4563,20
4564,16
4565,16
4566,12
4567,32
4568,19
4569,19
4570,32
4571,16
4572,12
4573,19
4574,32
4575,12
4576,16
4577,12
4578,16
4579,32
4580,19
4581,5
4582,2
4583,20
4584,2
4585,29
4586,19
4587,6
4588,16
4589,3
4590,15
4591,3
4592,16
4593,19
4594,14
4595,31
4596,3
4597,8
4598,3
4599,14
4600,15
4601,31
4602,10
4603,7
4604,12
4605,24
4606,8
4607,21
4608,20
4609,9
4610,9
4611,27
4612,21
4613,8
4614,7
4615,24
4616,5
4617,18
4618,12
4619,27
4620,5
4621,17
4622,9
4623,0
4624,1
4625,24
4626,7
4627,8
4628,9
4629,26
4630,21
4631,25
4632,25
4633,9
4634,24
4635,7
4636,9
4637,28
4638,7
4639,0
4640,28
4641,5
4642,26
4643,21
4644,20
4645,20
4646,20
4647,26
4648,20
4649,28
4650,0
4651,5
4652,0
4653,12
4654,31
4655,32
4656,17
4657,2
4658,16
4659,16
4660,23
4661,17
4662,2
4663,12
4664,31
4665,31
4666,13
4667,22
4668,23
4669,19
4670,14
4671,17
4672,23
4673,19
4674,14
4675,22
4676,15
4677,12
4678,13
4679,31
4680,30
4681,31
4682,12
4683,17
4684,12
4685,5
4686,17
4687,30
4688,31
4689,2
4690,25
4691,14
4692,22
4693,22
4694,14
4695,30
4696,31
4697,17
4698,26
4699,15
4700,6
4701,7
4702,24
4703,7
4704,24
4705,14
4706,12
4707,15
4708,26
4709,15
4710,10
4711,4
4712,18
4713,22
4714,11
4715,4
4716,6
4717,18
4718,22
4719,12
4720,29
4721,10
4722,14
4723,24
4724,13
4725,6
4726,30
4727,18
4728,11
4729,4
4730,4
4731,11
4732,24
4733,6
4734,13
4735,18
4736,30
4737,1
4738,27
4739,27
4740,14
4741,29
4742,9
4743,4
4744,24
4745,29
4746,27
4747,25
4748,14
4749,24
4750,14
4751,25
4752,27
4753,29
4754,9
4755,29
4756,14
4757,27
4758,0
4759,4
4760,18
4761,30
4762,6
4763,13
4764,24
4765,11
4766,1
4767,14
4768,4
4769,4
4770,11
4771,30
4772,18
4773,13
4774,6
4775,24
4776,29
4777,12
4778,22
4779,18
4780,4
4781,6
4782,10
4783,10
4784,15
4785,11
4786,22
4787,18
4788,4
4789,12
4790,14
4791,24
4792,7
4793,26
4794,15
4795,15
4796,26
4797,24
4798,7
4799,6
4800,14
4801,22
4802,17
4803,31
4804,30
4805,31
4806,30
4807,17
4808,22
4809,14
4810,25
4811,2
4812,12
4813,5
4814,17
4815,12
4816,31
4817,30
4818,15
4819,22
4820,14
4821,19
4822,23
4823,17
4824,31
4825,13
4826,12
4827,13
4828,31
4829,14
4830,19
4831,23
4832,22
4833,2
4834,17
4835,23
4836,16
4837,31
4838,12
4839,32
4840,31
4841,12
4842,16
4843,2
4844,17
4845,20
4846,26
4847,20
4848,0
4849,5
4850,27
4851,28
4852,5
4853,28
4854,0
4855,7
4856,20
4857,20
4858,21
4859,26
4860,9
4861,25
4862,28
4863,9
4864,7
4865,24
4866,7
4867,24
4868,1
4869,0
4870,9
4871,25
4872,21
4873,26
4874,9
4875,8
4876,17
4877,5
4878,12
4879,18
4880,5
4881,27
4882,21
4883,27
4884,9
4885,24
4886,7
4887,8
4888,8
4889,24
4890,12
4891,7
4892,9
4893,20
4894,21
4895,31
4896,15
4897,10
4898,3
4899,8
4900,14
4901,14
4902,3
4903,31
4904,16
4905,3
4906,15
4907,19
4908,19
4909,29
4910,3
4911,16
4912,6
4913,2
4914,20
4915,2
4916,5
4917,32
4918,16
4919,12
4920,19
4921,19
4922,16
4923,12
4924,32
4925,5
4926,2
4927,20
4928,2
4929,5
4930,32
4931,32
4932,16
4933,12
4934,19
4935,19
4936,16
4937,12
4938,32
4939,31
4940,3
4941,14
4942,10
4943,8
4944,3
4945,14
4946,15
4947,31
4948,16
4949,3
4950,15
4951,29
4952,19
4953,19
4954,3
4955,3
4956,16
4957,5
4958,12
4959,5
4960,17
4961,21
4962,27
4963,9
4964,7
4965,12
4966,24
4967,8
4968,8
4969,7
4970,24
4971,20
4972,9
4973,21
4974,26
4975,21
4976,20
4977,20
4978,1
4979,0
4980,28
4981,5
4982,0
4983,28
4984,5
4985,0
4986,7
4987,20
4988,26
4989,20
4990,9
4991,25
4992,28
4993,9
4994,24
4995,7
4996,24
4997,1
4998,7
4999,9
5000,26
5001,25
5002,21
5003,9
5004,16
5005,22
5006,19
5007,23
5008,14
5009,31
5010,12
5011,13
5012,13
5013,31
5014,19
5015,23
5016,14
5017,22
5018,15
5019,23
5020,17
5021,2
5022,16
5023,31
5024,12
5025,31
5026,12
5027,16
5028,17
5029,2
5030,14
5031,25
5032,22
5033,17
5034,30
5035,31
5036,30
5037,31
5038,17
5039,22
5040,14
5041,2
5042,12
5043,5
5044,12
5045,17
5046,30
5047,31
5048,18
5049,4
5050,6
5051,12
5052,22
5053,10
5054,14
5055,15
5056,18
5057,4
5058,22
5059,11
5060,29
5061,6
5062,7
5063,24
5064,26
5065,15
5066,15
5067,26
5068,7
5069,24
5070,12
5071,14
5072,4
5073,24
5074,6
5075,27
5076,0
5077,14
5078,29
5079,9
5080,29
5081,27
5082,14
5083,6
5084,13
5085,24
5086,18
5087,30
5088,11
5089,14
5090,1
5091,11
5092,4
5093,4
5094,13
5095,6
5096,24
5097,24
5098,30
5099,18
5100,1
5101,14
5102,30
5103,18
5104,24
5105,24
5106,13
5107,6
5108,4
5109,4
5110,11
5111,11
5112,18
5113,30
5114,24
5115,6
5116,13
5117,14
5118,27
5119,29
5120,6
5121,24
5122,4
5123,9
5124,29
5125,14
5126,0
5127,27
5128,26
5129,15
5130,14
5131,12
5132,24
5133,7
5134,24
5135,7
5136,6
5137,15
5138,26
5139,15
5140,14
5141,29
5142,11
5143,22
5144,4
5145,18
5146,22
5147,12
5148,4
5149,6
5150,18
5151,10
5152,31
5153,30
5154,17
5155,5
5156,12
5157,12
5158,17
5159,31
5160,30
5161,2
5162,14
5163,22
5164,22
5165,25
5166,14
5167,31
5168,30
5169,17
5170,12
5171,31
5172,2
5173,17
5174,16
5175,16
5176,2
5177,17
5178,23
5179,12
5180,31
5181,31
5182,13
5183,15
5184,22
5185,14
5186,23
5187,19
5188,14
5189,23
5190,19
5191,22
5192,16
5193,13
5194,12
5195,31
5196,9
5197,7
5198,1
5199,24
5200,9
5201,21
5202,25
5203,26
5204,25
5205,9
5206,7
5207,24
5208,9
5209,28
5210,7
5211,27
5212,5
5213,28
5214,20
5215,26
5216,20
5217,20
5218,20
5219,21
5220,26
5221,0
5222,5
5223,28
5224,0
5225,1
5226,24
5227,7
5228,8
5229,21
5230,9
5231,20
5232,9
5233,27
5234,21
5235,8
5236,24
5237,12
5238,7
5239,17
5240,5
5241,12
5242,5
5243,19
5244,3
5245,16
5246,3
5247,15
5248,3
5249,16
5250,19
5251,29
5252,14
5253,31
5254,15
5255,10
5256,3
5257,8
5258,3
5259,31
5260,10
5261,19
5262,32
5263,12
5264,16
5265,12
5266,16
5267,32
5268,19
5269,5
5270,2
5271,20
5272,32
5273,2
5274,5
5275,12
5276,20
5277,2
5278,5
5279,5
5280,2
5281,16
5282,2
5283,16
5284,12
5285,32
5286,28
5287,19
5288,19
5289,32
5290,16
5291,12
5292,8
5293,3
5294,10
5295,3
5296,31
5297,15
5298,29
5299,14
5300,19
5301,14
5302,31
5303,3
5304,3
5305,8
5306,16
5307,19
5308,10
5309,29
5310,19
5311,16
5312,3
5313,31
5314,21
5315,5
5316,8
5317,17
5318,5
5319,9
5320,21
5321,5
5322,8
5323,7
5324,24
5325,11
5326,7
5327,12
5328,24
5329,28
5330,8
5331,21
5332,9
5333,20
5334,26
5335,20
5336,28
5337,5
5338,24
5339,0
5340,1
5341,0
5342,28
5343,5
5344,26
5345,20
5346,21
5347,20
5348,9
5349,25
5350,20
5351,9
5352,20
5353,24
5354,7
5355,9
5356,9
5357,24
5358,7
5359,9
5360,25
5361,19
5362,23
5363,14
5364,2
5365,22
5366,15
5367,13
5368,31
5369,31
5370,31
5371,13
5372,22
5373,19
5374,23
5375,14
5376,16
5377,17
5378,14
5379,2
5380,30
5381,31
5382,12
5383,31
5384,12
5385,17
5386,2
5387,16
5388,22
5389,14
5390,30
5391,31
5392,17
5393,17
5394,30
5395,31
5396,14
5397,25
5398,22
5399,25
5400,12
5401,5
5402,12
5403,22
5404,30
5405,23
5406,18
5407,4
5408,22
5409,29
5410,7
5411,10
5412,14
5413,18
5414,4
5415,22
5416,24
5417,7
5418,4
5419,12
5420,14
5421,15
5422,26
5423,10
5424,26
5425,15
5426,18
5427,22
5428,24
5429,7
5430,24
5431,11
5432,29
5433,15
5434,27
5435,14
5436,27
5437,0
5438,14
5439,29
5440,1
5441,9
5442,4
5443,30
5444,11
5445,6
5446,13
5447,24
5448,18
5449,30
5450,27
5451,1
5452,14
5453,6
5454,24
5455,30
5456,18
5457,11
5458,14
5459,11
5460,30
5461,18
5462,24
5463,6
5464,18
5465,30
5466,24
5467,6
5468,13
5469,11
5470,1
5471,27
5472,9
5473,1
5474,29
5475,14
5476,0
5477,27
5478,30
5479,4
5480,11
5481,24
5482,14
5483,27
5484,15
5485,29
5486,15
5487,26
5488,7
5489,24
5490,22
5491,18
5492,14
5493,12
5494,4
5495,7
5496,24
5497,10
5498,26
5499,15
5500,10
5501,22
5502,4
5503,18
5504,7
5505,29
5506,22
5507,4
5508,18
5509,14
5510,12
5511,23
5512,30
5513,22
5514,25
5515,12
5516,5
5517,31
5518,30
5519,17
5520,22
5521,25
5522,14
5523,14
5524,22
5525,17
5526,31
5527,30
5528,12
5529,31
5530,16
5531,2
5532,17
5533,2
5534,14
5535,17
5536,16
5537,12
5538,31
5539,30
5540,13
5541,31
5542,31
5543,14
5544,23
5545,19
5546,22
5547,15
5548,22
5549,2
5550,14
5551,23
5552,19
5553,31
5554,13
5555,7
5556,24
5557,9
5558,25
5559,9
5560,20
5561,9
5562,20
5563,25
5564,9
5565,7
5566,24
5567,5
5568,28
5569,0
5570,1
5571,9
5572,20
5573,21
5574,20
5575,26
5576,20
5577,26
5578,20
5579,0
5580,24
5581,5
5582,28
5583,8
5584,28
5585,24
5586,12
5587,7
5588,9
5589,21
5590,21
5591,9
5592,11
5593,24
5594,7
5595,8
5596,5
5597,5
5598,21
5599,17
5600,8
5601,5
5602,19
5603,29
5604,31
5605,3
5606,16
5607,16
5608,8
5609,3
5610,10
5611,19
5612,14
5613,3
5614,31
5615,15
5616,31
5617,3
5618,10
5619,3
5620,8
5621,19
5622,10
5623,29
5624,19
5625,12
5626,16
5627,32
5628,32
5629,12
5630,16
5631,19
5632,28
5633,2
5634,5
5635,2
5636,16
5637,12
5638,5
5639,2
5640,20
